Time,"Coolant temperature","Oil temperature","Intake air temperature","Battery voltage","Transmission temperature","Fuel tank level","Current battery voltage","Current battery voltage","Battery power from the IBS"
0.000,0,0,0,0,153.50,0,0,0,0
0.177,0,0,0,0,153.50,40.00,0,0,0
0.360,0,0,0,0,153.50,40.00,0.00,0,0
0.571,0,0,0,0,153.50,40.00,0.00,14.16,0
0.750,0,0,0,0,153.50,40.00,0.00,14.16,-14.66
0.931,164.30,0,0,0,153.50,40.00,0.00,14.16,-14.66
1.110,164.30,197.60,0,0,153.50,40.00,0.00,14.16,-14.66
1.344,164.30,197.60,91.40,0,153.50,40.00,0.00,14.16,-14.66
1.530,164.30,197.60,91.40,13.94,153.50,40.00,0.00,14.16,-14.66
1.706,164.30,197.60,91.40,13.94,153.50,40.00,0.00,14.16,-14.66
1.889,164.30,197.60,91.40,13.94,153.50,40.00,0.00,14.16,-14.66
2.069,164.30,197.60,91.40,13.94,153.50,40.00,0.00,14.16,-14.66
2.250,164.30,197.60,91.40,13.94,153.50,40.00,0.00,14.16,-14.66
2.427,164.30,197.60,91.40,13.94,153.50,40.00,0.00,14.16,-14.86
2.610,164.30,197.60,91.40,13.94,153.50,40.00,0.00,14.16,-14.86
2.790,164.30,197.60,91.40,13.94,153.50,40.00,0.00,14.16,-14.86
2.970,164.30,197.60,92.75,13.94,153.50,40.00,0.00,14.16,-14.86
3.147,164.30,197.60,92.75,14.04,153.50,40.00,0.00,14.16,-14.86
3.330,164.30,197.60,92.75,14.04,153.50,40.00,0.00,14.16,-14.86
3.510,164.30,197.60,92.75,14.04,153.50,40.00,0.00,14.16,-14.86
3.690,164.30,197.60,92.75,14.04,153.50,40.00,0.00,14.16,-14.86
3.867,164.30,197.60,92.75,14.04,153.50,40.00,0.00,14.14,-14.86
4.050,164.30,197.60,92.75,14.04,153.50,40.00,0.00,14.14,-15.74
4.231,164.30,197.60,92.75,14.04,153.50,40.00,0.00,14.14,-15.74
4.410,164.30,197.60,92.75,14.04,153.50,40.00,0.00,14.14,-15.74
4.588,164.30,197.60,92.75,14.04,153.50,40.00,0.00,14.14,-15.74
4.770,164.30,197.60,92.75,14.04,153.50,40.00,0.00,14.14,-15.74
4.950,164.30,197.60,92.75,14.04,153.50,40.00,0.00,14.14,-15.74
5.129,164.30,197.60,92.75,14.04,153.50,40.00,0.00,14.14,-15.74
5.308,164.30,197.60,92.75,14.04,153.50,40.00,0.00,14.14,-15.74
5.490,164.30,197.60,92.75,14.04,153.50,40.00,0.00,14.22,-15.74
5.670,164.30,197.60,92.75,14.04,153.50,40.00,0.00,14.22,-14.94
5.850,165.65,197.60,92.75,14.04,153.50,40.00,0.00,14.22,-14.94
6.031,165.65,197.60,92.75,14.04,153.50,40.00,0.00,14.22,-14.94
6.216,165.65,197.60,92.75,14.04,153.50,40.00,0.00,14.22,-14.94
6.390,165.65,197.60,92.75,13.94,153.50,40.00,0.00,14.22,-14.94
6.570,165.65,197.60,92.75,13.94,153.50,40.00,0.00,14.22,-14.94
6.750,165.65,197.60,92.75,13.94,153.50,40.00,0.00,14.22,-14.94
6.927,165.65,197.60,92.75,13.94,153.50,40.00,0.00,14.22,-14.94
7.110,165.65,197.60,92.75,13.94,153.50,40.00,0.00,14.12,-14.94
7.290,165.65,197.60,92.75,13.94,153.50,40.00,0.00,14.12,-16.14
7.470,165.65,197.60,92.75,13.94,153.50,40.00,0.00,14.12,-16.14
7.648,165.65,197.60,92.75,13.94,153.50,40.00,0.00,14.12,-16.14
7.830,165.65,197.60,92.75,13.94,153.50,40.00,0.00,14.12,-16.14
8.010,165.65,197.60,92.75,13.94,153.50,40.00,0.00,14.12,-16.14
8.189,165.65,197.60,92.75,13.94,153.50,40.00,0.00,14.12,-16.14
8.367,165.65,197.60,92.75,13.94,153.50,40.00,0.00,14.12,-16.14
8.550,165.65,197.60,92.75,13.94,153.50,40.00,0.00,14.12,-16.14
8.730,165.65,197.60,92.75,13.94,153.50,40.00,0.00,14.24,-16.14
8.910,165.65,197.60,92.75,13.94,153.50,40.00,0.00,14.24,-14.86
9.088,165.65,197.60,92.75,13.94,153.50,40.00,0.00,14.24,-14.86
9.270,165.65,197.60,92.75,13.94,153.50,40.00,0.00,14.24,-14.86
9.451,165.65,197.60,92.75,13.94,153.50,40.00,0.00,14.24,-14.86
9.629,165.65,197.60,92.75,14.04,153.50,40.00,0.00,14.24,-14.86
9.810,165.65,197.60,92.75,14.04,153.50,40.00,0.00,14.24,-14.86
9.990,165.65,197.60,92.75,14.04,153.50,40.00,0.00,14.24,-14.86
10.170,165.65,197.60,92.75,14.04,153.50,40.00,0.00,14.24,-14.86
10.350,165.65,197.60,92.75,14.04,153.50,40.00,0.00,14.24,-14.86
10.528,165.65,197.60,92.75,14.04,153.50,40.00,0.00,14.24,-15.08
10.710,165.65,197.60,92.75,14.04,153.50,40.00,0.00,14.24,-15.08
10.890,165.65,197.60,92.75,14.04,153.50,40.00,0.00,14.24,-15.08
11.070,165.65,197.60,92.75,14.04,153.50,40.00,0.00,14.24,-15.08
11.250,165.65,197.60,92.75,14.04,153.50,40.00,0.00,14.24,-15.08
11.429,165.65,197.60,92.75,14.04,153.50,40.00,0.00,14.24,-15.08
11.609,165.65,197.60,92.75,14.04,153.50,40.00,0.00,14.24,-15.08
11.790,165.65,197.60,92.75,14.04,153.50,40.00,0.00,14.24,-15.08
11.969,165.65,197.60,92.75,14.04,153.50,40.00,0.00,14.25,-15.08
12.150,165.65,197.60,92.75,14.04,153.50,40.00,0.00,14.25,-14.80
12.353,165.65,197.60,92.75,14.04,153.50,40.00,0.00,14.25,-14.80
12.537,165.65,197.60,92.75,14.04,153.50,40.00,0.00,14.25,-14.80
12.720,165.65,197.60,92.75,14.04,153.50,40.00,0.00,14.25,-14.80
12.900,165.65,197.60,92.75,13.85,153.50,40.00,0.00,14.25,-14.80
13.077,165.65,197.60,92.75,13.85,153.50,40.00,0.00,14.25,-14.80
13.260,165.65,197.60,92.75,13.85,153.50,40.00,0.00,14.25,-14.80
13.440,165.65,197.60,92.75,13.85,153.50,40.00,0.00,14.25,-14.80
13.620,165.65,197.60,92.75,13.85,153.50,40.00,0.00,14.09,-14.80
13.805,165.65,197.60,92.75,13.85,153.50,40.00,0.00,14.09,-13.54
13.976,165.65,197.60,92.75,13.85,153.50,40.00,0.00,14.09,-13.54
14.156,165.65,197.60,92.75,13.85,153.50,40.00,0.00,14.09,-13.54
14.336,165.65,197.60,91.40,13.85,153.50,40.00,0.00,14.09,-13.54
14.517,165.65,197.60,91.40,13.75,153.50,40.00,0.00,14.09,-13.54
14.696,165.65,197.60,91.40,13.75,153.50,40.00,0.00,14.09,-13.54
14.876,165.65,197.60,91.40,13.75,153.50,40.00,0.00,14.09,-13.54
15.057,165.65,197.60,91.40,13.75,153.50,40.00,0.00,14.09,-13.54
15.235,165.65,197.60,91.40,13.75,153.50,40.00,0.00,14.01,-13.54
15.416,165.65,197.60,91.40,13.75,153.50,40.00,0.00,14.01,-14.46
15.595,167.00,197.60,91.40,13.75,153.50,40.00,0.00,14.01,-14.46
15.775,167.00,197.60,91.40,13.75,153.50,40.00,0.00,14.01,-14.46
15.957,167.00,197.60,91.40,13.75,153.50,40.00,0.00,14.01,-14.46
16.138,167.00,197.60,91.40,13.85,153.50,40.00,0.00,14.01,-14.46
16.321,167.00,197.60,91.40,13.85,156.20,40.00,0.00,14.01,-14.46
16.500,167.00,197.60,91.40,13.85,156.20,40.00,0.00,14.01,-14.46
16.679,167.00,197.60,91.40,13.85,156.20,40.00,0.00,14.01,-14.46
16.858,167.00,197.60,91.40,13.85,156.20,40.00,0.00,14.18,-14.46
17.040,167.00,197.60,91.40,13.85,156.20,40.00,0.00,14.18,-13.64
17.220,167.00,197.60,91.40,13.85,156.20,40.00,0.00,14.18,-13.64
17.400,167.00,197.60,91.40,13.85,156.20,40.00,0.00,14.18,-13.64
17.577,167.00,197.60,91.40,13.85,156.20,40.00,0.00,14.18,-13.64
17.759,167.00,197.60,91.40,13.85,156.20,40.00,0.00,14.18,-13.64
17.940,167.00,197.60,91.40,13.85,156.20,40.00,0.00,14.18,-13.64
18.119,167.00,197.60,91.40,13.85,156.20,40.00,0.00,14.18,-13.64
18.300,167.00,197.60,91.40,13.85,156.20,40.00,0.00,14.18,-13.64
18.477,167.00,197.60,91.40,13.85,156.20,40.00,0.00,14.00,-13.64
18.657,167.00,197.60,91.40,13.85,156.20,40.00,0.00,14.00,-13.96
18.839,167.00,197.60,91.40,13.85,156.20,40.00,0.00,14.00,-13.96
19.017,167.00,195.80,91.40,13.85,156.20,40.00,0.00,14.00,-13.96
19.199,167.00,195.80,90.05,13.85,156.20,40.00,0.00,14.00,-13.96
19.375,167.00,195.80,90.05,13.85,156.20,40.00,0.00,14.00,-13.96
19.558,167.00,195.80,90.05,13.85,156.20,40.00,0.00,14.00,-13.96
19.737,167.00,195.80,90.05,13.85,156.20,40.00,0.00,14.00,-13.96
19.918,167.00,195.80,90.05,13.85,156.20,40.00,0.00,14.00,-13.96
20.099,167.00,195.80,90.05,13.85,156.20,40.00,0.00,14.04,-13.96
20.278,167.00,195.80,90.05,13.85,156.20,40.00,0.00,14.04,-14.50
20.459,167.00,195.80,90.05,13.85,156.20,40.00,0.00,14.04,-14.50
20.639,167.00,195.80,90.05,13.85,156.20,40.00,0.00,14.04,-14.50
20.818,167.00,195.80,87.35,13.85,156.20,40.00,0.00,14.04,-14.50
21.000,167.00,195.80,87.35,13.85,156.20,40.00,0.00,14.04,-14.50
21.180,167.00,195.80,87.35,13.85,156.20,40.00,0.00,14.04,-14.50
21.360,167.00,195.80,87.35,13.85,156.20,40.00,0.00,14.04,-14.50
21.539,167.00,195.80,87.35,13.85,156.20,40.00,0.00,14.04,-14.50
21.719,167.00,195.80,87.35,13.85,156.20,40.00,0.00,14.04,-14.50
21.896,167.00,195.80,87.35,13.85,156.20,40.00,0.00,14.04,-14.14
22.078,168.35,195.80,87.35,13.85,156.20,40.00,0.00,14.04,-14.14
22.259,168.35,195.80,87.35,13.85,156.20,40.00,0.00,14.04,-14.14
22.439,168.35,195.80,87.35,13.85,156.20,40.00,0.00,14.04,-14.14
22.620,168.35,195.80,87.35,13.75,156.20,40.00,0.00,14.04,-14.14
22.801,168.35,195.80,87.35,13.75,156.20,40.00,0.00,14.04,-14.14
23.005,168.35,195.80,87.35,13.75,156.20,40.00,0.00,14.04,-14.14
23.185,168.35,195.80,87.35,13.75,156.20,40.00,0.00,14.04,-14.14
23.367,168.35,195.80,87.35,13.75,156.20,40.00,0.00,14.02,-14.14
23.551,168.35,195.80,87.35,13.75,156.20,40.00,0.00,14.02,-14.26
23.730,168.35,195.80,87.35,13.75,156.20,40.00,0.00,14.02,-14.26
23.907,168.35,195.80,87.35,13.75,156.20,40.00,0.00,14.02,-14.26
24.090,168.35,195.80,87.35,13.75,156.20,40.00,0.00,14.02,-14.26
24.271,168.35,195.80,87.35,13.85,156.20,40.00,0.00,14.02,-14.26
24.450,168.35,195.80,87.35,13.85,156.20,40.00,0.00,14.02,-14.26
24.629,168.35,195.80,87.35,13.85,156.20,40.00,0.00,14.02,-14.26
24.810,168.35,195.80,87.35,13.85,156.20,40.00,0.00,14.02,-14.26
24.991,168.35,195.80,87.35,13.85,156.20,40.00,0.00,14.02,-14.26
25.170,168.35,195.80,87.35,13.85,156.20,40.00,0.00,14.02,-14.44
25.351,169.70,195.80,87.35,13.85,156.20,40.00,0.00,14.02,-14.44
25.531,169.70,197.60,87.35,13.85,156.20,40.00,0.00,14.02,-14.44
25.710,169.70,197.60,88.70,13.85,156.20,40.00,0.00,14.02,-14.44
25.890,169.70,197.60,88.70,13.85,156.20,40.00,0.00,14.02,-14.44
26.071,169.70,197.60,88.70,13.85,156.20,40.00,0.00,14.02,-14.44
26.251,169.70,197.60,88.70,13.85,156.20,40.00,0.00,14.02,-14.44
26.432,169.70,197.60,88.70,13.85,156.20,40.00,0.00,14.02,-14.44
26.610,169.70,197.60,88.70,13.85,156.20,40.00,0.00,14.03,-14.44
26.789,169.70,197.60,88.70,13.85,156.20,40.00,0.00,14.03,-14.14
26.970,169.70,197.60,88.70,13.85,156.20,40.00,0.00,14.03,-14.14
27.151,169.70,197.60,88.70,13.85,156.20,40.00,0.00,14.03,-14.14
27.330,169.70,197.60,88.70,13.85,156.20,40.00,0.00,14.03,-14.14
27.511,169.70,197.60,88.70,13.75,156.20,40.00,0.00,14.03,-14.14
27.690,169.70,197.60,88.70,13.75,156.20,40.00,0.00,14.03,-14.14
27.871,169.70,197.60,88.70,13.75,156.20,39.00,0.00,14.03,-14.14
28.051,169.70,197.60,88.70,13.75,156.20,39.00,0.00,14.03,-14.14
28.228,169.70,197.60,88.70,13.75,156.20,39.00,0.00,14.02,-14.14
28.410,169.70,197.60,88.70,13.75,156.20,39.00,0.00,14.02,-14.30
28.588,169.70,197.60,88.70,13.75,156.20,39.00,0.00,14.02,-14.30
28.770,169.70,197.60,88.70,13.75,156.20,39.00,0.00,14.02,-14.30
28.948,169.70,197.60,88.70,13.75,156.20,39.00,0.00,14.02,-14.30
29.131,169.70,197.60,88.70,13.75,156.20,39.00,0.00,14.02,-14.30
29.311,169.70,197.60,88.70,13.75,156.20,39.00,0.00,14.02,-14.30
29.490,169.70,197.60,88.70,13.75,156.20,39.00,0.00,14.02,-14.30
29.671,169.70,197.60,88.70,13.75,156.20,39.00,0.00,14.02,-14.30
29.851,169.70,197.60,88.70,13.75,156.20,39.00,0.00,14.02,-14.30
30.031,169.70,197.60,88.70,13.75,156.20,39.00,0.00,14.02,-14.16
30.239,171.05,197.60,88.70,13.75,156.20,39.00,0.00,14.02,-14.16
30.419,171.05,197.60,88.70,13.75,156.20,39.00,0.00,14.02,-14.16
30.629,171.05,197.60,88.70,13.75,156.20,39.00,0.00,14.02,-14.16
30.810,171.05,197.60,88.70,13.75,156.20,39.00,0.00,14.02,-14.16
30.990,171.05,197.60,88.70,13.75,156.20,39.00,0.00,14.02,-14.16
31.170,171.05,197.60,88.70,13.75,156.20,39.00,0.00,14.02,-14.16
31.351,171.05,197.60,88.70,13.75,156.20,39.00,0.00,14.02,-14.16
31.528,171.05,197.60,88.70,13.75,156.20,39.00,0.00,14.02,-14.16
31.741,171.05,197.60,88.70,13.75,156.20,39.00,0.00,14.02,-14.12
31.920,171.05,197.60,88.70,13.75,156.20,39.00,0.00,14.02,-14.12
32.101,171.05,197.60,88.70,13.75,156.20,39.00,0.00,14.02,-14.12
32.281,171.05,197.60,88.70,13.75,156.20,39.00,0.00,14.02,-14.12
32.461,171.05,197.60,88.70,13.75,156.20,39.00,0.00,14.02,-14.12
32.671,171.05,197.60,88.70,13.75,156.20,39.00,0.00,14.02,-14.12
32.850,171.05,197.60,88.70,13.75,156.20,39.00,0.00,14.02,-14.12
33.030,171.05,197.60,88.70,13.75,156.20,39.00,0.00,14.02,-14.12
33.210,171.05,197.60,88.70,13.75,156.20,39.00,0.00,14.02,-14.12
33.391,171.05,197.60,88.70,13.75,156.20,39.00,0.00,14.02,-14.32
33.571,171.05,197.60,88.70,13.75,156.20,39.00,0.00,14.02,-14.32
33.751,171.05,197.60,88.70,13.75,156.20,39.00,0.00,14.02,-14.32
33.930,171.05,197.60,88.70,13.75,156.20,39.00,0.00,14.02,-14.32
34.110,171.05,197.60,88.70,13.85,156.20,39.00,0.00,14.02,-14.32
34.289,171.05,197.60,88.70,13.85,156.20,39.00,0.00,14.02,-14.32
34.471,171.05,197.60,88.70,13.85,156.20,39.00,0.00,14.02,-14.32
34.650,171.05,197.60,88.70,13.85,156.20,39.00,0.00,14.02,-14.32
34.831,171.05,197.60,88.70,13.85,156.20,39.00,0.00,14.12,-14.32
35.008,171.05,197.60,88.70,13.85,156.20,39.00,0.00,14.12,-14.46
35.188,171.05,197.60,88.70,13.85,156.20,39.00,0.00,14.12,-14.46
35.370,171.05,197.60,88.70,13.85,156.20,39.00,0.00,14.12,-14.46
35.550,171.05,197.60,90.05,13.85,156.20,39.00,0.00,14.12,-14.46
35.731,171.05,197.60,90.05,13.85,156.20,39.00,0.00,14.12,-14.46
35.940,171.05,197.60,90.05,13.85,156.20,39.00,0.00,14.12,-14.46
36.120,171.05,197.60,90.05,13.85,156.20,39.00,0.00,14.12,-14.46
36.301,171.05,197.60,90.05,13.85,156.20,39.00,0.00,14.12,-14.46
36.480,171.05,197.60,90.05,13.85,156.20,39.00,0.00,14.11,-14.46
36.661,171.05,197.60,90.05,13.85,156.20,39.00,0.00,14.11,-14.48
36.841,171.05,197.60,90.05,13.85,156.20,39.00,0.00,14.11,-14.48
37.021,171.05,197.60,90.05,13.85,156.20,39.00,0.00,14.11,-14.48
37.201,171.05,197.60,90.05,13.85,156.20,39.00,0.00,14.11,-14.48
37.381,171.05,197.60,90.05,13.85,156.20,39.00,0.00,14.11,-14.48
37.560,171.05,197.60,90.05,13.85,156.20,39.00,0.00,14.11,-14.48
37.741,171.05,197.60,90.05,13.85,156.20,39.00,0.00,14.11,-14.48
37.920,171.05,197.60,90.05,13.85,156.20,39.00,0.00,14.11,-14.48
38.101,171.05,197.60,90.05,13.85,156.20,39.00,0.00,14.11,-14.48
38.280,171.05,197.60,90.05,13.85,156.20,39.00,0.00,14.11,-14.56
38.462,171.05,197.60,90.05,13.85,156.20,39.00,0.00,14.11,-14.56
38.668,171.05,197.60,90.05,13.85,156.20,39.00,0.00,14.11,-14.56
38.850,171.05,197.60,90.05,13.85,156.20,39.00,0.00,14.11,-14.56
39.027,171.05,197.60,90.05,13.85,156.20,39.00,0.00,14.11,-14.56
39.210,171.05,197.60,90.05,13.85,156.20,39.00,0.00,14.11,-14.56
39.390,171.05,197.60,90.05,13.85,156.20,39.00,0.00,14.11,-14.56
39.570,171.05,197.60,90.05,13.85,156.20,39.00,0.00,14.11,-14.56
39.750,171.05,197.60,90.05,13.85,156.20,39.00,0.00,14.10,-14.56
39.930,171.05,197.60,90.05,13.85,156.20,39.00,0.00,14.10,-14.46
40.140,171.05,197.60,90.05,13.85,156.20,39.00,0.00,14.10,-14.46
40.320,171.05,197.60,90.05,13.85,156.20,39.00,0.00,14.10,-14.46
40.499,171.05,197.60,91.40,13.85,156.20,39.00,0.00,14.10,-14.46
40.680,171.05,197.60,91.40,14.22,156.20,39.00,0.00,14.10,-14.46
40.860,171.05,197.60,91.40,14.22,156.20,39.00,0.00,14.10,-14.46
41.040,171.05,197.60,91.40,14.22,156.20,39.00,0.00,14.10,-14.46
41.220,171.05,197.60,91.40,14.22,156.20,39.00,0.00,14.10,-14.46
41.400,171.05,197.60,91.40,14.22,156.20,39.00,0.00,14.35,-14.46
41.580,171.05,197.60,91.40,14.22,156.20,39.00,0.00,14.35,-15.42
41.760,171.05,197.60,91.40,14.22,156.20,39.00,0.00,14.35,-15.42
41.940,171.05,197.60,91.40,14.22,156.20,39.00,0.00,14.35,-15.42
42.120,171.05,197.60,91.40,14.22,156.20,39.00,0.00,14.35,-15.42
42.300,171.05,197.60,91.40,13.94,156.20,39.00,0.00,14.35,-15.42
42.481,171.05,197.60,91.40,13.94,156.20,39.00,0.00,14.35,-15.42
42.660,171.05,197.60,91.40,13.94,156.20,39.00,0.00,14.35,-15.42
42.840,171.05,197.60,91.40,13.94,156.20,39.00,0.00,14.35,-15.42
43.020,171.05,197.60,91.40,13.94,156.20,39.00,0.00,14.11,-15.42
43.200,171.05,197.60,91.40,13.94,156.20,39.00,0.00,14.11,-14.34
43.377,171.05,197.60,91.40,13.94,156.20,39.00,0.00,14.11,-14.34
43.561,171.05,197.60,91.40,13.94,156.20,39.00,0.00,14.11,-14.34
43.770,171.05,197.60,91.40,13.94,156.20,39.00,0.00,14.11,-14.34
43.950,171.05,197.60,91.40,13.94,156.20,39.00,0.00,14.11,-14.34
44.130,171.05,197.60,91.40,13.94,157.55,39.00,0.00,14.11,-14.34
44.310,171.05,197.60,91.40,13.94,157.55,39.00,0.00,14.11,-14.34
44.490,171.05,197.60,91.40,13.94,157.55,39.00,0.00,14.11,-14.34
44.670,171.05,197.60,91.40,13.94,157.55,39.00,0.00,14.12,-14.34
44.849,171.05,197.60,91.40,13.94,157.55,39.00,0.00,14.12,-14.92
45.030,169.70,197.60,91.40,13.94,157.55,39.00,0.00,14.12,-14.92
45.210,169.70,197.60,91.40,13.94,157.55,39.00,0.00,14.12,-14.92
45.390,169.70,197.60,91.40,13.94,157.55,39.00,0.00,14.12,-14.92
45.569,169.70,197.60,91.40,14.51,157.55,39.00,0.00,14.12,-14.92
45.750,169.70,197.60,91.40,14.51,157.55,39.00,0.00,14.12,-14.92
45.930,169.70,197.60,91.40,14.51,157.55,39.00,0.00,14.12,-14.92
46.110,169.70,197.60,91.40,14.51,157.55,39.00,0.00,14.12,-14.92
46.290,169.70,197.60,91.40,14.51,157.55,39.00,0.00,14.70,-14.92
46.472,169.70,197.60,91.40,14.51,157.55,39.00,0.00,14.70,-17.26
46.650,169.70,197.60,91.40,14.51,157.55,39.00,0.00,14.70,-17.26
46.831,169.70,199.40,91.40,14.51,157.55,39.00,0.00,14.70,-17.26
47.010,169.70,199.40,91.40,14.51,157.55,39.00,0.00,14.70,-17.26
47.190,169.70,199.40,91.40,14.41,157.55,39.00,0.00,14.70,-17.26
47.370,169.70,199.40,91.40,14.41,157.55,39.00,0.00,14.70,-17.26
47.551,169.70,199.40,91.40,14.41,157.55,39.00,0.00,14.70,-17.26
47.730,169.70,199.40,91.40,14.41,157.55,39.00,0.00,14.70,-17.26
47.910,169.70,199.40,91.40,14.41,157.55,39.00,0.00,14.54,-17.26
48.089,169.70,199.40,91.40,14.41,157.55,39.00,0.00,14.54,-11.68
48.270,169.70,199.40,91.40,14.41,157.55,39.00,0.00,14.54,-11.68
48.450,169.70,199.40,91.40,14.41,157.55,39.00,0.00,14.54,-11.68
48.630,169.70,199.40,91.40,14.41,157.55,39.00,0.00,14.54,-11.68
48.810,169.70,199.40,91.40,14.22,157.55,39.00,0.00,14.54,-11.68
48.990,169.70,199.40,91.40,14.22,157.55,39.00,0.00,14.54,-11.68
49.170,169.70,199.40,91.40,14.22,157.55,39.00,0.00,14.54,-11.68
49.351,169.70,199.40,91.40,14.22,157.55,39.00,0.00,14.54,-11.68
49.527,169.70,199.40,91.40,14.22,157.55,39.00,0.00,14.42,-11.68
49.710,169.70,199.40,91.40,14.22,157.55,39.00,0.00,14.42,-17.28
49.890,168.35,199.40,91.40,14.22,157.55,39.00,0.00,14.42,-17.28
50.070,168.35,199.40,91.40,14.22,157.55,39.00,0.00,14.42,-17.28
50.249,168.35,199.40,92.75,14.22,157.55,39.00,0.00,14.42,-17.28
50.431,168.35,199.40,92.75,14.79,157.55,39.00,0.00,14.42,-17.28
50.610,168.35,199.40,92.75,14.79,157.55,39.00,0.00,14.42,-17.28
50.790,168.35,199.40,92.75,14.79,157.55,39.00,0.00,14.42,-17.28
50.968,168.35,199.40,92.75,14.79,157.55,39.00,0.00,14.42,-17.28
51.150,168.35,199.40,92.75,14.79,157.55,39.00,0.00,14.92,-17.28
51.330,168.35,199.40,92.75,14.79,157.55,39.00,0.00,14.92,-12.32
51.510,168.35,199.40,92.75,14.79,157.55,39.00,0.00,14.92,-12.32
51.690,168.35,199.40,92.75,14.79,157.55,39.00,0.00,14.92,-12.32
51.871,168.35,199.40,92.75,14.79,157.55,39.00,0.00,14.92,-12.32
52.049,168.35,199.40,92.75,13.94,157.55,39.00,0.00,14.92,-12.32
52.230,168.35,199.40,92.75,13.94,157.55,39.00,0.00,14.92,-12.32
52.410,168.35,199.40,92.75,13.94,157.55,39.00,0.00,14.92,-12.32
52.590,168.35,199.40,92.75,13.94,157.55,39.00,0.00,14.92,-12.32
52.771,168.35,199.40,92.75,13.94,157.55,39.00,0.00,14.15,-12.32
52.951,168.35,199.40,92.75,13.94,157.55,39.00,0.00,14.15,-14.10
53.130,168.35,199.40,92.75,13.94,157.55,39.00,0.00,14.15,-14.10
53.311,168.35,199.40,92.75,13.94,157.55,39.00,0.00,14.15,-14.10
53.490,168.35,199.40,92.75,13.94,157.55,39.00,0.00,14.15,-14.10
53.668,168.35,199.40,92.75,13.94,157.55,39.00,0.00,14.15,-14.10
53.848,168.35,199.40,92.75,13.94,157.55,39.00,0.00,14.15,-14.10
54.061,168.35,199.40,92.75,13.94,157.55,39.00,0.00,14.15,-14.10
54.238,168.35,199.40,92.75,13.94,157.55,39.00,0.00,14.15,-14.10
54.420,168.35,199.40,92.75,13.94,157.55,39.00,0.00,14.14,-14.10
54.600,168.35,199.40,92.75,13.94,157.55,39.00,0.00,14.14,-14.20
54.780,167.00,199.40,92.75,13.94,157.55,39.00,0.00,14.14,-14.20
54.960,167.00,199.40,92.75,13.94,157.55,39.00,0.00,14.14,-14.20
55.141,167.00,199.40,94.10,13.94,157.55,39.00,0.00,14.14,-14.20
55.320,167.00,199.40,94.10,13.47,157.55,39.00,0.00,14.14,-14.20
55.500,167.00,199.40,94.10,13.47,157.55,39.00,0.00,14.14,-14.20
55.680,167.00,199.40,94.10,13.47,157.55,39.00,0.00,14.14,-14.20
55.860,167.00,199.40,94.10,13.47,157.55,39.00,0.00,14.14,-14.20
56.040,167.00,199.40,94.10,13.47,157.55,39.00,0.00,13.61,-14.20
56.218,167.00,199.40,94.10,13.47,157.55,39.00,0.00,13.61,-5.60
56.400,167.00,199.40,94.10,13.47,157.55,39.00,0.00,13.61,-5.60
56.580,167.00,199.40,94.10,13.47,157.55,39.00,0.00,13.61,-5.60
56.760,167.00,199.40,94.10,13.47,157.55,39.00,0.00,13.61,-5.60
56.940,167.00,199.40,94.10,13.94,157.55,39.00,0.00,13.61,-5.60
57.118,167.00,199.40,94.10,13.94,157.55,39.00,0.00,13.61,-5.60
57.300,167.00,199.40,94.10,13.94,157.55,39.00,0.00,13.61,-5.60
57.480,167.00,199.40,94.10,13.94,157.55,39.00,0.00,13.61,-5.60
57.660,167.00,199.40,94.10,13.94,157.55,39.00,0.00,14.11,-5.60
57.840,167.00,199.40,94.10,13.94,157.55,39.00,0.00,14.11,-14.56
58.020,167.00,199.40,94.10,13.94,157.55,39.00,0.00,14.11,-14.56
58.200,167.00,199.40,94.10,13.94,157.55,39.00,0.00,14.11,-14.56
58.381,167.00,199.40,92.75,13.94,157.55,39.00,0.00,14.11,-14.56
58.560,167.00,199.40,92.75,13.85,157.55,39.00,0.00,14.11,-14.56
58.739,167.00,199.40,92.75,13.85,157.55,39.00,0.00,14.11,-14.56
58.920,167.00,199.40,92.75,13.85,157.55,39.00,0.00,14.11,-14.56
59.127,167.00,199.40,92.75,13.85,157.55,39.00,0.00,14.11,-14.56
59.310,167.00,199.40,92.75,13.85,157.55,39.00,0.00,14.10,-14.56
59.490,167.00,199.40,92.75,13.85,157.55,39.00,0.00,14.10,-14.46
59.670,167.00,199.40,92.75,13.85,157.55,39.00,0.00,14.10,-14.46
59.847,167.00,199.40,92.75,13.85,157.55,39.00,0.00,14.10,-14.46
60.030,167.00,199.40,88.70,13.85,157.55,39.00,0.00,14.10,-14.46
60.210,167.00,199.40,88.70,13.85,157.55,39.00,0.00,14.10,-14.46
60.388,167.00,199.40,88.70,13.85,157.55,39.00,0.00,14.10,-14.46
60.570,167.00,199.40,88.70,13.85,157.55,39.00,0.00,14.10,-14.46
60.750,167.00,199.40,88.70,13.85,157.55,39.00,0.00,14.10,-14.46
60.927,167.00,199.40,88.70,13.85,157.55,39.00,0.00,14.02,-14.46
61.110,167.00,199.40,88.70,13.85,157.55,39.00,0.00,14.02,-13.84
61.291,167.00,199.40,88.70,13.85,157.55,39.00,0.00,14.02,-13.84
61.470,167.00,199.40,88.70,13.85,157.55,39.00,0.00,14.02,-13.84
61.650,167.00,199.40,86.00,13.85,157.55,39.00,0.00,14.02,-13.84
61.830,167.00,199.40,86.00,13.94,157.55,39.00,0.00,14.02,-13.84
62.010,167.00,199.40,86.00,13.94,157.55,39.00,0.00,14.02,-13.84
62.190,167.00,199.40,86.00,13.94,157.55,39.00,0.00,14.02,-13.84
62.370,167.00,199.40,86.00,13.94,157.55,39.00,0.00,14.02,-13.84
62.550,167.00,199.40,86.00,13.94,157.55,39.00,0.00,14.13,-13.84
62.730,167.00,199.40,86.00,13.94,157.55,39.00,0.00,14.13,-15.66
62.910,168.35,199.40,86.00,13.94,157.55,39.00,0.00,14.13,-15.66
63.090,168.35,199.40,86.00,13.94,157.55,39.00,0.00,14.13,-15.66
63.271,168.35,199.40,84.65,13.94,157.55,39.00,0.00,14.13,-15.66
63.449,168.35,199.40,84.65,14.60,157.55,39.00,0.00,14.13,-15.66
63.630,168.35,199.40,84.65,14.60,157.55,39.00,0.00,14.13,-15.66
63.811,168.35,199.40,84.65,14.60,157.55,39.00,0.00,14.13,-15.66
63.990,168.35,199.40,84.65,14.60,157.55,39.00,0.00,14.13,-15.66
64.168,168.35,199.40,84.65,14.60,157.55,39.00,0.00,14.79,-15.66
64.349,168.35,199.40,84.65,14.60,157.55,39.00,0.00,14.79,-15.76
64.531,169.70,199.40,84.65,14.60,157.55,39.00,0.00,14.79,-15.76
64.710,169.70,199.40,84.65,14.60,157.55,39.00,0.00,14.79,-15.76
64.887,169.70,199.40,86.00,14.60,157.55,39.00,0.00,14.79,-15.76
65.071,169.70,199.40,86.00,14.70,157.55,39.00,0.00,14.79,-15.76
65.251,169.70,199.40,86.00,14.70,157.55,39.00,0.00,14.79,-15.76
65.430,169.70,199.40,86.00,14.70,157.55,39.00,0.00,14.79,-15.76
65.610,169.70,199.40,86.00,14.70,157.55,39.00,0.00,14.79,-15.76
65.791,169.70,199.40,86.00,14.70,157.55,39.00,0.00,14.86,-15.76
65.968,169.70,199.40,86.00,14.70,157.55,39.00,0.00,14.86,-14.82
66.151,169.70,199.40,86.00,14.70,157.55,39.00,0.00,14.86,-14.82
66.331,169.70,199.40,86.00,14.70,157.55,39.00,0.00,14.86,-14.82
66.510,169.70,199.40,87.35,14.70,157.55,39.00,0.00,14.86,-14.82
66.691,169.70,199.40,87.35,14.32,157.55,39.00,0.00,14.86,-14.82
66.870,169.70,199.40,87.35,14.32,157.55,39.00,0.00,14.86,-14.82
67.051,169.70,199.40,87.35,14.32,157.55,39.00,0.00,14.86,-14.82
67.231,169.70,199.40,87.35,14.32,157.55,39.00,0.00,14.86,-14.82
67.411,169.70,199.40,87.35,14.32,157.55,39.00,0.00,14.56,-14.82
67.591,169.70,199.40,87.35,14.32,157.55,39.00,0.00,14.56,-10.74
67.771,169.70,199.40,87.35,14.32,157.55,39.00,0.00,14.56,-10.74
67.950,169.70,199.40,87.35,14.32,157.55,39.00,0.00,14.56,-10.74
68.131,169.70,199.40,87.35,14.32,157.55,39.00,0.00,14.56,-10.74
68.310,169.70,199.40,87.35,13.85,157.55,39.00,0.00,14.56,-10.74
68.491,169.70,199.40,87.35,13.85,157.55,39.00,0.00,14.56,-10.74
68.670,169.70,199.40,87.35,13.85,157.55,39.00,0.00,14.56,-10.74
68.851,169.70,199.40,87.35,13.85,157.55,39.00,0.00,14.56,-10.74
69.030,169.70,199.40,87.35,13.85,157.55,39.00,0.00,14.03,-10.74
69.206,169.70,199.40,87.35,13.85,157.55,39.00,0.00,14.03,-13.90
69.388,169.70,199.40,87.35,13.85,157.55,39.00,0.00,14.03,-13.90
69.571,169.70,199.40,87.35,13.85,157.55,39.00,0.00,14.03,-13.90
69.750,169.70,199.40,87.35,13.85,157.55,39.00,0.00,14.03,-13.90
69.931,169.70,199.40,87.35,13.85,157.55,39.00,0.00,14.03,-13.90
70.110,169.70,199.40,87.35,13.85,158.90,39.00,0.00,14.03,-13.90
70.288,169.70,199.40,87.35,13.85,158.90,39.00,0.00,14.03,-13.90
70.471,169.70,199.40,87.35,13.85,158.90,39.00,0.00,14.03,-13.90
70.650,169.70,199.40,87.35,13.85,158.90,39.00,0.00,14.03,-13.90
70.827,169.70,199.40,87.35,13.85,158.90,39.00,0.00,14.03,-13.88
71.011,169.70,199.40,87.35,13.85,158.90,39.00,0.00,14.03,-13.88
71.190,169.70,199.40,87.35,13.85,158.90,39.00,0.00,14.03,-13.88
71.371,169.70,199.40,88.70,13.85,158.90,39.00,0.00,14.03,-13.88
71.551,169.70,199.40,88.70,13.85,158.90,39.00,0.00,14.03,-13.88
71.730,169.70,199.40,88.70,13.85,158.90,39.00,0.00,14.03,-13.88
71.910,169.70,199.40,88.70,13.85,158.90,39.00,0.00,14.03,-13.88
72.090,169.70,199.40,88.70,13.85,158.90,39.00,0.00,14.03,-13.88
72.270,169.70,199.40,88.70,13.85,158.90,39.00,0.00,14.10,-13.88
72.450,169.70,199.40,88.70,13.85,158.90,39.00,0.00,14.10,-16.78
72.631,169.70,199.40,88.70,13.85,158.90,39.00,0.00,14.10,-16.78
72.840,169.70,199.40,88.70,13.85,158.90,39.00,0.00,14.10,-16.78
73.021,169.70,199.40,88.70,13.85,158.90,39.00,0.00,14.10,-16.78
73.201,169.70,199.40,88.70,14.32,158.90,39.00,0.00,14.10,-16.78
73.381,169.70,199.40,88.70,14.32,158.90,39.00,0.00,14.10,-16.78
73.560,169.70,199.40,88.70,14.32,158.90,39.00,0.00,14.10,-16.78
73.740,169.70,199.40,88.70,14.32,158.90,39.00,0.00,14.10,-16.78
73.921,169.70,199.40,88.70,14.32,158.90,39.00,0.00,14.44,-16.78
74.098,169.70,199.40,88.70,14.32,158.90,39.00,0.00,14.44,-11.72
74.280,169.70,199.40,88.70,14.32,158.90,39.00,0.00,14.44,-11.72
74.490,169.70,199.40,88.70,14.32,158.90,39.00,0.00,14.44,-11.72
74.701,169.70,199.40,88.70,14.32,158.90,39.00,0.00,14.44,-11.72
74.881,169.70,199.40,88.70,13.85,158.90,39.00,0.00,14.44,-11.72
75.060,169.70,199.40,88.70,13.85,158.90,39.00,0.00,14.44,-11.72
75.240,169.70,199.40,88.70,13.85,158.90,39.00,0.00,14.44,-11.72
75.421,169.70,199.40,88.70,13.85,158.90,39.00,0.00,14.44,-11.72
75.601,169.70,199.40,88.70,13.85,158.90,39.00,0.00,14.02,-11.72
75.780,169.70,199.40,88.70,13.85,158.90,39.00,0.00,14.02,-14.92
75.960,169.70,199.40,88.70,13.85,158.90,39.00,0.00,14.02,-14.92
76.140,169.70,199.40,88.70,13.85,158.90,39.00,0.00,14.02,-14.92
76.320,169.70,199.40,88.70,13.85,158.90,39.00,0.00,14.02,-14.92
76.501,169.70,199.40,88.70,13.94,158.90,39.00,0.00,14.02,-14.92
76.680,169.70,199.40,88.70,13.94,158.90,39.00,0.00,14.02,-14.92
76.891,169.70,199.40,88.70,13.94,158.90,39.00,0.00,14.02,-14.92
77.070,169.70,199.40,88.70,13.94,158.90,39.00,0.00,14.02,-14.92
77.251,169.70,199.40,88.70,13.94,158.90,39.00,0.00,14.11,-14.92
77.431,169.70,199.40,88.70,13.94,158.90,39.00,0.00,14.11,-14.08
77.611,169.70,199.40,88.70,13.94,158.90,39.00,0.00,14.11,-14.08
77.787,169.70,199.40,88.70,13.94,158.90,39.00,0.00,14.11,-14.08
77.970,169.70,199.40,88.70,13.94,158.90,39.00,0.00,14.11,-14.08
78.150,169.70,199.40,88.70,13.94,158.90,39.00,0.00,14.11,-14.08
78.330,169.70,199.40,88.70,13.94,158.90,39.00,0.00,14.11,-14.08
78.510,169.70,199.40,88.70,13.94,158.90,39.00,0.00,14.11,-14.08
78.690,169.70,199.40,88.70,13.94,158.90,39.00,0.00,14.11,-14.08
78.870,169.70,199.40,88.70,13.94,158.90,39.00,0.00,14.11,-14.08
79.050,169.70,199.40,88.70,13.94,158.90,39.00,0.00,14.11,-14.10
79.228,169.70,199.40,88.70,13.94,158.90,39.00,0.00,14.11,-14.10
79.411,169.70,199.40,88.70,13.94,158.90,39.00,0.00,14.11,-14.10
79.590,169.70,199.40,88.70,13.94,158.90,39.00,0.00,14.11,-14.10
79.768,169.70,199.40,88.70,13.94,158.90,39.00,0.00,14.11,-14.10
79.949,169.70,199.40,88.70,13.94,158.90,39.00,0.00,14.11,-14.10
80.129,169.70,199.40,88.70,13.94,158.90,39.00,0.00,14.11,-14.10
80.310,169.70,199.40,88.70,13.94,158.90,39.00,0.00,14.11,-14.10
80.487,169.70,199.40,88.70,13.94,158.90,39.00,0.00,14.11,-14.10
80.670,169.70,199.40,88.70,13.94,158.90,39.00,0.00,14.11,-14.10
80.850,169.70,199.40,88.70,13.94,158.90,39.00,0.00,14.11,-14.10
81.030,169.70,199.40,88.70,13.94,158.90,39.00,0.00,14.11,-14.10
81.210,169.70,199.40,88.70,13.94,158.90,39.00,0.00,14.11,-14.10
81.390,169.70,199.40,88.70,13.94,158.90,39.00,0.00,14.11,-14.10
81.571,169.70,199.40,88.70,13.94,158.90,39.00,0.00,14.11,-14.10
81.749,169.70,199.40,88.70,13.94,158.90,39.00,0.00,14.11,-14.10
81.930,169.70,199.40,88.70,13.94,158.90,39.00,0.00,14.11,-14.10
82.110,169.70,199.40,88.70,13.94,158.90,39.00,0.00,14.11,-14.10
82.290,169.70,199.40,88.70,13.94,158.90,39.00,0.00,14.11,-14.34
82.497,169.70,199.40,88.70,13.94,158.90,39.00,0.00,14.11,-14.34
82.680,169.70,199.40,88.70,13.94,158.90,39.00,0.00,14.11,-14.34
82.860,169.70,199.40,88.70,13.94,158.90,39.00,0.00,14.11,-14.34
83.041,169.70,199.40,88.70,14.51,158.90,39.00,0.00,14.11,-14.34
83.220,169.70,199.40,88.70,14.51,158.90,39.00,0.00,14.11,-14.34
83.400,169.70,199.40,88.70,14.51,158.90,39.00,0.00,14.11,-14.34
83.580,169.70,199.40,88.70,14.51,158.90,39.00,0.00,14.11,-14.34
83.760,169.70,199.40,88.70,14.51,158.90,39.00,0.00,14.63,-14.34
83.937,169.70,199.40,88.70,14.51,158.90,39.00,0.00,14.63,-16.64
84.120,169.70,199.40,88.70,14.51,158.90,39.00,0.00,14.63,-16.64
84.299,169.70,199.40,88.70,14.51,158.90,39.00,0.00,14.63,-16.64
84.480,169.70,199.40,90.05,14.51,158.90,39.00,0.00,14.63,-16.64
84.660,169.70,199.40,90.05,14.79,158.90,39.00,0.00,14.63,-16.64
84.841,169.70,199.40,90.05,14.79,158.90,39.00,0.00,14.63,-16.64
85.020,169.70,199.40,90.05,14.79,158.90,39.00,0.00,14.63,-16.64
85.201,169.70,199.40,90.05,14.79,158.90,39.00,0.00,14.63,-16.64
85.380,169.70,199.40,90.05,14.79,158.90,39.00,0.00,14.92,-16.64
85.560,169.70,199.40,90.05,14.79,158.90,39.00,0.00,14.92,-14.76
85.740,168.35,199.40,90.05,14.79,158.90,39.00,0.00,14.92,-14.76
85.920,168.35,199.40,90.05,14.79,158.90,39.00,0.00,14.92,-14.76
86.790,168.35,199.40,90.05,14.79,158.90,39.00,0.00,14.92,-14.76
87.120,168.35,199.40,90.05,14.79,158.90,39.00,0.00,14.92,-14.76
87.451,168.35,199.40,90.05,14.79,158.90,39.00,0.00,14.92,-14.76
87.780,168.35,199.40,90.05,14.79,158.90,39.00,0.00,14.92,-14.76
88.110,168.35,199.40,90.05,14.79,158.90,39.00,0.00,14.92,-14.76
88.471,168.35,199.40,90.05,14.79,158.90,39.00,0.00,14.93,-14.76
88.800,168.35,199.40,90.05,14.79,158.90,39.00,0.00,14.93,-14.60
89.130,168.35,199.40,90.05,14.79,158.90,39.00,0.00,14.93,-14.60
89.458,168.35,201.20,90.05,14.79,158.90,39.00,0.00,14.93,-14.60
89.790,168.35,201.20,90.05,14.79,158.90,39.00,0.00,14.93,-14.60
90.120,168.35,201.20,90.05,14.51,158.90,39.00,0.00,14.93,-14.60
90.450,168.35,201.20,90.05,14.51,158.90,39.00,0.00,14.93,-14.60
90.780,168.35,201.20,90.05,14.51,158.90,39.00,0.00,14.93,-14.60
91.110,168.35,201.20,90.05,14.51,158.90,39.00,0.00,14.93,-14.60
91.440,168.35,201.20,90.05,14.51,158.90,39.00,0.00,14.26,-14.60
91.770,168.35,201.20,90.05,14.51,158.90,39.00,0.00,14.26,-13.80
92.100,167.00,201.20,90.05,14.51,158.90,39.00,0.00,14.26,-13.80
92.430,167.00,201.20,90.05,14.51,158.90,39.00,0.00,14.26,-13.80
92.760,167.00,201.20,90.05,14.51,158.90,39.00,0.00,14.26,-13.80
93.091,167.00,201.20,90.05,14.41,158.90,39.00,0.00,14.26,-13.80
93.421,167.00,201.20,90.05,14.41,158.90,39.00,0.00,14.26,-13.80
93.750,167.00,201.20,90.05,14.41,158.90,39.00,0.00,14.26,-13.80
94.081,167.00,201.20,90.05,14.41,158.90,39.00,0.00,14.26,-13.80
94.411,167.00,201.20,90.05,14.41,158.90,39.00,0.00,14.74,-13.80
94.740,167.00,201.20,90.05,14.41,158.90,39.00,0.00,14.74,-13.90
95.069,165.65,201.20,90.05,14.41,158.90,39.00,0.00,14.74,-13.90
95.397,165.65,201.20,90.05,14.41,158.90,39.00,0.00,14.74,-13.90
95.730,165.65,201.20,91.40,14.41,158.90,39.00,0.00,14.74,-13.90
96.061,165.65,201.20,91.40,13.85,158.90,39.00,0.00,14.74,-13.90
96.391,165.65,201.20,91.40,13.85,158.90,39.00,0.00,14.74,-13.90
96.721,165.65,201.20,91.40,13.85,158.90,39.00,0.00,14.74,-13.90
97.047,165.65,201.20,91.40,13.85,158.90,39.00,0.00,14.74,-13.90
97.380,165.65,201.20,91.40,13.85,158.90,39.00,0.00,13.77,-13.90
97.710,165.65,201.20,91.40,13.85,158.90,39.00,0.00,13.77,-10.94
98.040,165.65,201.20,91.40,13.85,158.90,39.00,0.00,13.77,-10.94
98.370,165.65,201.20,91.40,13.85,158.90,39.00,0.00,13.77,-10.94
98.700,165.65,201.20,92.75,13.85,158.90,39.00,0.00,13.77,-10.94
99.030,165.65,201.20,92.75,13.94,158.90,39.00,0.00,13.77,-10.94
99.361,165.65,201.20,92.75,13.94,158.90,39.00,0.00,13.77,-10.94
99.691,165.65,201.20,92.75,13.94,158.90,40.00,0.00,13.77,-10.94
100.020,165.65,201.20,92.75,13.94,158.90,40.00,0.00,13.77,-10.94
100.351,165.65,201.20,92.75,13.94,158.90,40.00,0.00,14.10,-10.94
100.680,165.65,201.20,92.75,13.94,158.90,40.00,0.00,14.10,-14.96
101.011,164.30,201.20,92.75,13.94,158.90,40.00,0.00,14.10,-14.96
101.338,164.30,201.20,92.75,13.94,158.90,40.00,0.00,14.10,-14.96
101.671,164.30,201.20,94.10,13.94,158.90,40.00,0.00,14.10,-14.96
102.001,164.30,201.20,94.10,13.94,158.90,40.00,0.00,14.10,-14.96
102.330,164.30,201.20,94.10,13.94,161.60,40.00,0.00,14.10,-14.96
102.660,164.30,201.20,94.10,13.94,161.60,40.00,0.00,14.10,-14.96
102.992,164.30,201.20,94.10,13.94,161.60,40.00,0.00,14.10,-14.96
103.321,164.30,201.20,94.10,13.94,161.60,40.00,0.00,14.20,-14.96
103.650,164.30,201.20,94.10,13.94,161.60,40.00,0.00,14.20,-14.22
103.981,164.30,201.20,94.10,13.94,161.60,40.00,0.00,14.20,-14.22
104.311,164.30,199.40,94.10,13.94,161.60,40.00,0.00,14.20,-14.22
104.640,164.30,199.40,94.10,13.94,161.60,40.00,0.00,14.20,-14.22
104.971,164.30,199.40,94.10,14.04,161.60,40.00,0.00,14.20,-14.22
105.301,164.30,199.40,94.10,14.04,161.60,40.00,0.00,14.20,-14.22
105.631,164.30,199.40,94.10,14.04,161.60,40.00,0.00,14.20,-14.22
105.961,164.30,199.40,94.10,14.04,161.60,40.00,0.00,14.20,-14.22
106.291,164.30,199.40,94.10,14.04,161.60,40.00,0.00,14.22,-14.22
106.620,164.30,199.40,94.10,14.04,161.60,40.00,0.00,14.22,-14.18
106.951,164.30,199.40,94.10,14.04,161.60,40.00,0.00,14.22,-14.18
107.277,164.30,199.40,94.10,14.04,161.60,40.00,0.00,14.22,-14.18
107.608,164.30,199.40,94.10,14.04,161.60,40.00,0.00,14.22,-14.18
107.940,164.30,199.40,94.10,14.04,161.60,40.00,0.00,14.22,-14.18
108.270,164.30,199.40,94.10,14.04,161.60,40.00,0.00,14.22,-14.18
108.600,164.30,199.40,94.10,14.04,161.60,40.00,0.00,14.22,-14.18
108.931,164.30,199.40,94.10,14.04,161.60,40.00,0.00,14.22,-14.18
109.259,164.30,199.40,94.10,14.04,161.60,40.00,0.00,14.23,-14.18
109.591,164.30,199.40,94.10,14.04,161.60,40.00,0.00,14.23,-14.14
109.921,165.65,199.40,94.10,14.04,161.60,40.00,0.00,14.23,-14.14
110.249,165.65,199.40,94.10,14.04,161.60,40.00,0.00,14.23,-14.14
110.582,165.65,199.40,95.45,14.04,161.60,40.00,0.00,14.23,-14.14
110.911,165.65,199.40,95.45,14.04,161.60,40.00,0.00,14.23,-14.14
111.241,165.65,199.40,95.45,14.04,161.60,40.00,0.00,14.23,-14.14
111.570,165.65,199.40,95.45,14.04,161.60,40.00,0.00,14.23,-14.14
111.900,165.65,199.40,95.45,14.04,161.60,40.00,0.00,14.23,-14.14
112.231,165.65,199.40,95.45,14.04,161.60,40.00,0.00,14.24,-14.14
112.560,165.65,199.40,95.45,14.04,161.60,40.00,0.00,14.24,-14.32
112.890,165.65,199.40,95.45,14.04,161.60,40.00,0.00,14.24,-14.32
113.217,165.65,199.40,95.45,14.04,161.60,40.00,0.00,14.24,-14.32
113.550,165.65,199.40,95.45,14.04,161.60,40.00,0.00,14.24,-14.32
113.881,165.65,199.40,95.45,14.04,161.60,40.00,0.00,14.24,-14.32
114.210,165.65,199.40,95.45,14.04,161.60,40.00,0.00,14.24,-14.32
114.541,165.65,199.40,95.45,14.04,161.60,40.00,0.00,14.24,-14.32
114.871,165.65,199.40,95.45,14.04,161.60,40.00,0.00,14.24,-14.32
115.200,165.65,199.40,95.45,14.04,161.60,40.00,0.00,14.26,-14.32
115.530,165.65,199.40,95.45,14.04,161.60,40.00,0.00,14.26,-13.92
115.860,165.65,199.40,95.45,14.04,161.60,40.00,0.00,14.26,-13.92
116.190,165.65,199.40,95.45,14.04,161.60,40.00,0.00,14.26,-13.92
116.520,165.65,199.40,92.75,14.04,161.60,40.00,0.00,14.26,-13.92
116.851,165.65,199.40,92.75,13.75,161.60,40.00,0.00,14.26,-13.92
117.181,165.65,199.40,92.75,13.75,161.60,40.00,0.00,14.26,-13.92
117.510,165.65,199.40,92.75,13.75,161.60,40.00,0.00,14.26,-13.92
117.841,165.65,199.40,92.75,13.75,161.60,40.00,0.00,14.26,-13.92
118.171,165.65,199.40,92.75,13.75,161.60,40.00,0.00,14.02,-13.92
118.500,165.65,199.40,92.75,13.75,161.60,40.00,0.00,14.02,-13.16
118.831,167.00,199.40,92.75,13.75,161.60,40.00,0.00,14.02,-13.16
119.157,167.00,199.40,92.75,13.75,161.60,40.00,0.00,14.02,-13.16
119.491,167.00,199.40,90.05,13.75,161.60,40.00,0.00,14.02,-13.16
119.821,167.00,199.40,90.05,13.75,161.60,40.00,0.00,14.02,-13.16
120.150,167.00,199.40,90.05,13.75,161.60,40.00,0.00,14.02,-13.16
120.485,167.00,199.40,90.05,13.75,161.60,40.00,0.00,14.02,-13.16
120.811,167.00,199.40,90.05,13.75,161.60,40.00,0.00,14.02,-13.16
121.140,167.00,199.40,90.05,13.75,161.60,40.00,0.00,13.94,-13.16
121.470,167.00,199.40,90.05,13.75,161.60,40.00,0.00,13.94,-12.98
121.801,167.00,199.40,90.05,13.75,161.60,40.00,0.00,13.94,-12.98
122.130,167.00,199.40,90.05,13.75,161.60,40.00,0.00,13.94,-12.98
122.460,167.00,199.40,90.05,13.75,161.60,40.00,0.00,13.94,-12.98
122.791,167.00,199.40,90.05,13.85,161.60,40.00,0.00,13.94,-12.98
123.121,167.00,199.40,90.05,13.85,161.60,40.00,0.00,13.94,-12.98
123.450,167.00,199.40,90.05,13.85,161.60,40.00,0.00,13.94,-12.98
123.781,167.00,199.40,90.05,13.85,161.60,40.00,0.00,13.94,-12.98
124.110,167.00,199.40,90.05,13.85,161.60,40.00,0.00,14.03,-12.98
124.441,167.00,199.40,90.05,13.85,161.60,40.00,0.00,14.03,-13.48
124.771,168.35,199.40,90.05,13.85,161.60,40.00,0.00,14.03,-13.48
125.097,168.35,199.40,90.05,13.85,161.60,40.00,0.00,14.03,-13.48
125.460,168.35,199.40,88.70,13.85,161.60,40.00,0.00,14.03,-13.48
125.791,168.35,199.40,88.70,13.85,161.60,40.00,0.00,14.03,-13.48
126.117,168.35,199.40,88.70,13.85,161.60,40.00,0.00,14.03,-13.48
126.450,168.35,199.40,88.70,13.85,161.60,40.00,0.00,14.03,-13.48
126.781,168.35,199.40,88.70,13.85,161.60,40.00,0.00,14.03,-13.48
127.111,168.35,199.40,88.70,13.85,161.60,40.00,0.00,14.01,-13.48
127.441,168.35,199.40,88.70,13.85,161.60,40.00,0.00,14.01,-13.36
127.771,169.70,199.40,88.70,13.85,161.60,40.00,0.00,14.01,-13.36
128.101,169.70,199.40,88.70,13.85,161.60,40.00,0.00,14.01,-13.36
128.431,169.70,199.40,88.70,13.85,161.60,40.00,0.00,14.01,-13.36
128.761,169.70,199.40,88.70,13.75,161.60,40.00,0.00,14.01,-13.36
129.091,169.70,199.40,88.70,13.75,161.60,40.00,0.00,14.01,-13.36
129.421,169.70,199.40,88.70,13.75,161.60,39.00,0.00,14.01,-13.36
129.751,169.70,199.40,88.70,13.75,161.60,39.00,0.00,14.01,-13.36
130.081,169.70,199.40,88.70,13.75,161.60,39.00,0.00,14.02,-13.36
130.410,169.70,199.40,88.70,13.75,161.60,39.00,0.00,14.02,-13.46
130.741,171.05,199.40,88.70,13.75,161.60,39.00,0.00,14.02,-13.46
131.071,171.05,199.40,88.70,13.75,161.60,39.00,0.00,14.02,-13.46
131.400,171.05,199.40,88.70,13.75,161.60,39.00,0.00,14.02,-13.46
131.731,171.05,199.40,88.70,13.75,161.60,39.00,0.00,14.02,-13.46
132.058,171.05,199.40,88.70,13.75,162.95,39.00,0.00,14.02,-13.46
132.390,171.05,199.40,88.70,13.75,162.95,39.00,0.00,14.02,-13.46
132.721,171.05,199.40,88.70,13.75,162.95,39.00,0.00,14.02,-13.46
133.051,171.05,199.40,88.70,13.75,162.95,39.00,0.00,14.02,-13.46
133.380,171.05,199.40,88.70,13.75,162.95,39.00,0.00,14.02,-13.46
133.711,172.40,199.40,88.70,13.75,162.95,39.00,0.00,14.02,-13.46
134.041,172.40,199.40,88.70,13.75,162.95,39.00,0.00,14.02,-13.46
134.371,172.40,199.40,88.70,13.75,162.95,39.00,0.00,14.02,-13.46
134.700,172.40,199.40,88.70,13.85,162.95,39.00,0.00,14.02,-13.46
135.031,172.40,199.40,88.70,13.85,162.95,39.00,0.00,14.02,-13.46
135.360,172.40,199.40,88.70,13.85,162.95,39.00,0.00,14.02,-13.46
135.691,172.40,199.40,88.70,13.85,162.95,39.00,0.00,14.02,-13.46
136.020,172.40,199.40,88.70,13.85,162.95,39.00,0.00,14.02,-13.46
136.350,172.40,199.40,88.70,13.85,162.95,39.00,0.00,14.02,-13.38
136.681,172.40,199.40,88.70,13.85,162.95,39.00,0.00,14.02,-13.38
137.010,172.40,199.40,88.70,13.85,162.95,39.00,0.00,14.02,-13.38
137.340,172.40,199.40,88.70,13.85,162.95,39.00,0.00,14.02,-13.38
137.671,172.40,199.40,88.70,13.94,162.95,39.00,0.00,14.02,-13.38
137.998,172.40,199.40,88.70,13.94,162.95,39.00,0.00,14.02,-13.38
138.331,172.40,199.40,88.70,13.94,162.95,39.00,0.00,14.02,-13.38
138.661,172.40,199.40,88.70,13.94,162.95,39.00,0.00,14.02,-13.38
138.991,172.40,199.40,88.70,13.94,162.95,39.00,0.00,14.51,-13.38
139.318,172.40,199.40,88.70,13.94,162.95,39.00,0.00,14.51,-16.16
139.651,172.40,199.40,88.70,13.94,162.95,39.00,0.00,14.51,-16.16
139.981,172.40,199.40,88.70,13.94,162.95,39.00,0.00,14.51,-16.16
140.311,172.40,199.40,90.05,13.94,162.95,39.00,0.00,14.51,-16.16
140.641,172.40,199.40,90.05,13.94,162.95,39.00,0.00,14.51,-16.16
140.971,172.40,199.40,90.05,13.94,162.95,39.00,0.00,14.51,-16.16
141.301,172.40,199.40,90.05,13.94,162.95,39.00,0.00,14.51,-16.16
141.631,172.40,199.40,90.05,13.94,162.95,39.00,0.00,14.51,-16.16
141.961,172.40,199.40,90.05,13.94,162.95,39.00,0.00,14.09,-16.16
142.290,172.40,199.40,90.05,13.94,162.95,39.00,0.00,14.09,-13.50
142.621,171.05,199.40,90.05,13.94,162.95,39.00,0.00,14.09,-13.50
142.949,171.05,201.20,90.05,13.94,162.95,39.00,0.00,14.09,-13.50
143.281,171.05,201.20,90.05,13.94,162.95,39.00,0.00,14.09,-13.50
143.611,171.05,201.20,90.05,13.94,162.95,39.00,0.00,14.09,-13.50
143.971,171.05,201.20,90.05,13.94,162.95,39.00,0.00,14.09,-13.50
144.301,171.05,201.20,90.05,13.94,162.95,39.00,0.00,14.09,-13.50
144.632,171.05,201.20,90.05,13.94,162.95,39.00,0.00,14.09,-13.50
144.959,171.05,201.20,90.05,13.94,162.95,39.00,0.00,14.07,-13.50
145.292,171.05,201.20,90.05,13.94,162.95,39.00,0.00,14.07,-13.54
145.621,171.05,201.20,90.05,13.94,162.95,39.00,0.00,14.07,-13.54
145.949,171.05,201.20,90.05,13.94,162.95,39.00,0.00,14.07,-13.54
146.281,171.05,201.20,88.70,13.94,162.95,39.00,0.00,14.07,-13.54
146.618,171.05,201.20,88.70,14.04,162.95,39.00,0.00,14.07,-13.54
146.941,171.05,201.20,88.70,14.04,162.95,39.00,0.00,14.07,-13.54
147.272,171.05,201.20,88.70,14.04,162.95,39.00,0.00,14.07,-13.54
147.601,171.05,201.20,88.70,14.04,162.95,39.00,0.00,14.07,-13.54
147.959,171.05,201.20,88.70,14.04,162.95,39.00,0.00,14.52,-13.54
148.291,171.05,201.20,88.70,14.04,162.95,39.00,0.00,14.52,-16.08
148.621,171.05,201.20,88.70,14.04,162.95,39.00,0.00,14.52,-16.08
148.951,171.05,201.20,88.70,14.04,162.95,39.00,0.00,14.52,-16.08
149.281,171.05,201.20,88.70,14.04,162.95,39.00,0.00,14.52,-16.08
149.611,171.05,201.20,88.70,14.79,162.95,39.00,0.00,14.52,-16.08
149.942,171.05,201.20,88.70,14.79,162.95,39.00,0.00,14.52,-16.08
150.272,171.05,201.20,88.70,14.79,162.95,39.00,0.00,14.52,-16.08
150.598,171.05,201.20,88.70,14.79,162.95,39.00,0.00,14.52,-16.08
150.932,171.05,201.20,88.70,14.79,162.95,39.00,0.00,14.45,-16.08
151.261,171.05,201.20,88.70,14.79,162.95,39.00,0.00,14.45,-10.80
151.591,169.70,201.20,88.70,14.79,162.95,39.00,0.00,14.45,-10.80
151.921,169.70,201.20,88.70,14.79,162.95,39.00,0.00,14.45,-10.80
152.251,169.70,201.20,88.70,14.79,162.95,39.00,0.00,14.45,-10.80
152.581,169.70,201.20,88.70,13.85,162.95,39.00,0.00,14.45,-10.80
152.911,169.70,201.20,88.70,13.85,162.95,39.00,0.00,14.45,-10.80
153.241,169.70,201.20,88.70,13.85,162.95,39.00,0.00,14.45,-10.80
153.569,169.70,201.20,88.70,13.85,162.95,39.00,0.00,14.45,-10.80
153.901,169.70,201.20,88.70,13.85,162.95,39.00,0.00,14.09,-10.80
154.231,169.70,201.20,88.70,13.85,162.95,39.00,0.00,14.09,-13.88
154.560,169.70,201.20,88.70,13.85,162.95,39.00,0.00,14.09,-13.88
154.892,169.70,201.20,88.70,13.85,162.95,39.00,0.00,14.09,-13.88
155.222,169.70,201.20,87.35,13.85,162.95,39.00,0.00,14.09,-13.88
155.552,169.70,201.20,87.35,13.94,162.95,39.00,0.00,14.09,-13.88
155.881,169.70,201.20,87.35,13.94,162.95,39.00,0.00,14.09,-13.88
156.212,169.70,201.20,87.35,13.94,162.95,39.00,0.00,14.09,-13.88
156.542,169.70,201.20,87.35,13.94,162.95,39.00,0.00,14.09,-13.88
156.871,169.70,201.20,87.35,13.94,162.95,39.00,0.00,14.09,-13.88
157.202,169.70,201.20,87.35,13.94,162.95,39.00,0.00,14.09,-13.30
157.531,169.70,201.20,87.35,13.94,162.95,39.00,0.00,14.09,-13.30
157.861,169.70,201.20,87.35,13.94,162.95,39.00,0.00,14.09,-13.30
158.191,169.70,201.20,84.65,13.94,162.95,39.00,0.00,14.09,-13.30
158.522,169.70,201.20,84.65,13.94,162.95,39.00,0.00,14.09,-13.30
158.851,169.70,201.20,84.65,13.94,164.30,39.00,0.00,14.09,-13.30
159.182,169.70,201.20,84.65,13.94,164.30,39.00,0.00,14.09,-13.30
159.510,169.70,201.20,84.65,13.94,164.30,39.00,0.00,14.09,-13.30
159.842,169.70,201.20,84.65,13.94,164.30,39.00,0.00,14.05,-13.30
160.172,169.70,201.20,84.65,13.94,164.30,39.00,0.00,14.05,-13.34
160.501,171.05,201.20,84.65,13.94,164.30,39.00,0.00,14.05,-13.34
160.831,171.05,203.00,84.65,13.94,164.30,39.00,0.00,14.05,-13.34
161.162,171.05,203.00,81.95,13.94,164.30,39.00,0.00,14.05,-13.34
161.491,171.05,203.00,81.95,13.94,164.30,39.00,0.00,14.05,-13.34
161.822,171.05,203.00,81.95,13.94,164.30,39.00,0.00,14.05,-13.34
162.151,171.05,203.00,81.95,13.94,164.30,39.00,0.00,14.05,-13.34
162.481,171.05,203.00,81.95,13.94,164.30,39.00,0.00,14.05,-13.34
162.812,171.05,203.00,81.95,13.94,164.30,39.00,0.00,14.52,-13.34
163.142,171.05,203.00,81.95,13.94,164.30,39.00,0.00,14.52,-16.50
163.471,172.40,203.00,81.95,13.94,164.30,39.00,0.00,14.52,-16.50
163.800,172.40,203.00,81.95,13.94,164.30,39.00,0.00,14.52,-16.50
164.130,172.40,203.00,80.60,13.94,164.30,39.00,0.00,14.52,-16.50
164.459,172.40,203.00,80.60,14.70,164.30,39.00,0.00,14.52,-16.50
164.791,172.40,203.00,80.60,14.70,164.30,39.00,0.00,14.52,-16.50
165.122,172.40,203.00,80.60,14.70,164.30,39.00,0.00,14.52,-16.50
165.452,172.40,203.00,80.60,14.70,164.30,39.00,0.00,14.52,-16.50
165.781,172.40,203.00,80.60,14.70,164.30,39.00,0.00,14.92,-16.50
166.112,172.40,203.00,80.60,14.70,164.30,39.00,0.00,14.92,-14.04
166.441,173.75,203.00,80.60,14.70,164.30,39.00,0.00,14.92,-14.04
166.771,173.75,203.00,80.60,14.70,164.30,39.00,0.00,14.92,-14.04
167.102,173.75,203.00,83.30,14.70,164.30,39.00,0.00,14.92,-14.04
167.432,173.75,203.00,83.30,14.79,164.30,39.00,0.00,14.92,-14.04
167.761,173.75,203.00,83.30,14.79,164.30,39.00,0.00,14.92,-14.04
168.092,173.75,203.00,83.30,14.79,164.30,39.00,0.00,14.92,-14.04
168.422,173.75,203.00,83.30,14.79,164.30,39.00,0.00,14.92,-14.04
168.752,173.75,203.00,83.30,14.79,164.30,39.00,0.00,14.91,-14.04
169.081,173.75,203.00,83.30,14.79,164.30,39.00,0.00,14.91,-13.92
169.411,172.40,203.00,83.30,14.79,164.30,39.00,0.00,14.91,-13.92
169.738,172.40,204.80,83.30,14.79,164.30,39.00,0.00,14.91,-13.92
170.072,172.40,204.80,84.65,14.79,164.30,39.00,0.00,14.91,-13.92
170.402,172.40,204.80,84.65,14.70,164.30,39.00,0.00,14.91,-13.92
170.732,172.40,204.80,84.65,14.70,164.30,39.00,0.00,14.91,-13.92
171.061,172.40,204.80,84.65,14.70,164.30,39.00,0.00,14.91,-13.92
171.392,172.40,204.80,84.65,14.70,164.30,39.00,0.00,14.91,-13.92
171.721,172.40,204.80,84.65,14.70,164.30,39.00,0.00,14.91,-13.92
172.051,172.40,204.80,84.65,14.70,164.30,39.00,0.00,14.91,-13.78
172.382,171.05,204.80,84.65,14.70,164.30,39.00,0.00,14.91,-13.78
172.710,171.05,204.80,84.65,14.70,164.30,39.00,0.00,14.91,-13.78
173.039,171.05,204.80,86.00,14.70,164.30,39.00,0.00,14.91,-13.78
173.372,171.05,204.80,86.00,14.70,164.30,39.00,0.00,14.91,-13.78
173.701,171.05,204.80,86.00,14.70,164.30,39.00,0.00,14.91,-13.78
174.032,171.05,204.80,86.00,14.70,164.30,39.00,0.00,14.91,-13.78
174.362,171.05,204.80,86.00,14.70,164.30,39.00,0.00,14.91,-13.78
174.692,171.05,204.80,86.00,14.70,164.30,39.00,0.00,14.91,-13.78
175.021,171.05,204.80,86.00,14.70,164.30,39.00,0.00,14.91,-13.14
175.352,168.35,204.80,86.00,14.70,164.30,39.00,0.00,14.91,-13.14
175.679,168.35,204.80,86.00,14.70,164.30,39.00,0.00,14.91,-13.14
176.010,168.35,204.80,87.35,14.70,164.30,39.00,0.00,14.91,-13.14
176.340,168.35,204.80,87.35,14.79,164.30,39.00,0.00,14.91,-13.14
176.671,168.35,204.80,87.35,14.79,164.30,39.00,0.00,14.91,-13.14
177.002,168.35,204.80,87.35,14.79,164.30,39.00,0.00,14.91,-13.14
177.332,168.35,204.80,87.35,14.79,164.30,39.00,0.00,14.91,-13.14
177.662,168.35,204.80,87.35,14.79,164.30,39.00,0.00,14.88,-13.14
177.992,168.35,204.80,87.35,14.79,164.30,39.00,0.00,14.88,-11.94
178.322,165.65,204.80,87.35,14.79,164.30,39.00,0.00,14.88,-11.94
178.652,165.65,204.80,87.35,14.79,164.30,39.00,0.00,14.88,-11.94
178.982,165.65,204.80,87.35,14.79,164.30,39.00,0.00,14.88,-11.94
179.312,165.65,204.80,87.35,13.19,164.30,39.00,0.00,14.88,-11.94
179.642,165.65,204.80,87.35,13.19,167.00,39.00,0.00,14.88,-11.94
179.971,165.65,204.80,87.35,13.19,167.00,39.00,0.00,14.88,-11.94
180.302,165.65,204.80,87.35,13.19,167.00,39.00,0.00,14.88,-11.94
180.632,165.65,204.80,87.35,13.19,167.00,39.00,0.00,13.69,-11.94
180.962,165.65,204.80,87.35,13.19,167.00,39.00,0.00,13.69,-19.20
181.291,165.65,204.80,87.35,13.19,167.00,39.00,0.00,13.69,-19.20
181.619,165.65,206.60,87.35,13.19,167.00,39.00,0.00,13.69,-19.20
181.952,165.65,206.60,88.70,13.19,167.00,39.00,0.00,13.69,-19.20
182.282,165.65,206.60,88.70,13.85,167.00,39.00,0.00,13.69,-19.20
182.610,165.65,206.60,88.70,13.85,167.00,39.00,0.00,13.69,-19.20
182.938,165.65,206.60,88.70,13.85,167.00,39.00,0.00,13.69,-19.20
183.270,165.65,206.60,88.70,13.85,167.00,39.00,0.00,13.69,-19.20
183.602,165.65,206.60,88.70,13.85,167.00,39.00,0.00,14.12,-19.20
183.932,165.65,206.60,88.70,13.85,167.00,39.00,0.00,14.12,-13.66
184.262,164.30,206.60,88.70,13.85,167.00,39.00,0.00,14.12,-13.66
184.592,164.30,206.60,88.70,13.85,167.00,39.00,0.00,14.12,-13.66
184.922,164.30,206.60,86.00,13.85,167.00,39.00,0.00,14.12,-13.66
185.249,164.30,206.60,86.00,13.85,167.00,39.00,0.00,14.12,-13.66
185.582,164.30,206.60,86.00,13.85,167.00,39.00,0.00,14.12,-13.66
185.912,164.30,206.60,86.00,13.85,167.00,39.00,0.00,14.12,-13.66
186.239,164.30,206.60,86.00,13.85,167.00,39.00,0.00,14.12,-13.66
186.573,164.30,206.60,86.00,13.85,167.00,39.00,0.00,14.03,-13.66
186.901,164.30,206.60,86.00,13.85,167.00,39.00,0.00,14.03,-13.24
187.231,165.65,206.60,86.00,13.85,167.00,39.00,0.00,14.03,-13.24
187.559,165.65,206.60,86.00,13.85,167.00,39.00,0.00,14.03,-13.24
187.891,165.65,206.60,84.65,13.85,167.00,39.00,0.00,14.03,-13.24
188.222,165.65,206.60,84.65,13.85,167.00,39.00,0.00,14.03,-13.24
188.552,165.65,206.60,84.65,13.85,167.00,39.00,0.00,14.03,-13.24
188.880,165.65,206.60,84.65,13.85,167.00,39.00,0.00,14.03,-13.24
189.212,165.65,206.60,84.65,13.85,167.00,39.00,0.00,14.03,-13.24
189.542,165.65,206.60,84.65,13.85,167.00,39.00,0.00,14.01,-13.24
189.871,165.65,206.60,84.65,13.85,167.00,39.00,0.00,14.01,-14.34
190.201,167.00,206.60,84.65,13.85,167.00,39.00,0.00,14.01,-14.34
190.531,167.00,206.60,84.65,13.85,167.00,39.00,0.00,14.01,-14.34
190.862,167.00,206.60,80.60,13.85,167.00,39.00,0.00,14.01,-14.34
191.191,167.00,206.60,80.60,14.60,167.00,39.00,0.00,14.01,-14.34
191.522,167.00,206.60,80.60,14.60,167.00,39.00,0.00,14.01,-14.34
191.849,167.00,206.60,80.60,14.60,167.00,39.00,0.00,14.01,-14.34
192.182,167.00,206.60,80.60,14.60,167.00,39.00,0.00,14.01,-14.34
192.513,167.00,206.60,80.60,14.60,167.00,39.00,0.00,14.84,-14.34
192.842,167.00,206.60,80.60,14.60,167.00,39.00,0.00,14.84,-14.00
193.172,169.70,206.60,80.60,14.60,167.00,39.00,0.00,14.84,-14.00
193.499,169.70,206.60,80.60,14.60,167.00,39.00,0.00,14.84,-14.00
193.832,169.70,206.60,83.30,14.60,167.00,39.00,0.00,14.84,-14.00
194.162,169.70,206.60,83.30,14.70,167.00,39.00,0.00,14.84,-14.00
194.492,169.70,206.60,83.30,14.70,167.00,39.00,0.00,14.84,-14.00
194.822,169.70,206.60,83.30,14.70,167.00,39.00,0.00,14.84,-14.00
195.152,169.70,206.60,83.30,14.70,167.00,39.00,0.00,14.84,-14.00
195.482,169.70,206.60,83.30,14.70,167.00,39.00,0.00,14.85,-14.00
195.812,169.70,206.60,83.30,14.70,167.00,39.00,0.00,14.85,-13.66
196.141,171.05,206.60,83.30,14.70,167.00,39.00,0.00,14.85,-13.66
196.502,171.05,206.60,83.30,14.70,167.00,39.00,0.00,14.85,-13.66
196.832,171.05,206.60,86.00,14.70,167.00,39.00,0.00,14.85,-13.66
197.162,171.05,206.60,86.00,14.60,167.00,39.00,0.00,14.85,-13.66
197.492,171.05,206.60,86.00,14.60,167.00,39.00,0.00,14.85,-13.66
197.819,171.05,206.60,86.00,14.60,167.00,39.00,0.00,14.85,-13.66
198.152,171.05,206.60,86.00,14.60,167.00,39.00,0.00,14.85,-13.66
198.482,171.05,206.60,86.00,14.60,167.00,39.00,0.00,14.89,-13.66
198.811,171.05,206.60,86.00,14.60,167.00,39.00,0.00,14.89,-13.58
199.171,171.05,206.60,86.00,14.60,167.00,39.00,0.00,14.89,-13.58
199.500,171.05,206.60,86.00,14.60,167.00,39.00,0.00,14.89,-13.58
199.831,171.05,206.60,87.35,14.60,167.00,39.00,0.00,14.89,-13.58
200.159,171.05,206.60,87.35,14.70,167.00,39.00,0.00,14.89,-13.58
200.490,171.05,206.60,87.35,14.70,168.35,39.00,0.00,14.89,-13.58
200.822,171.05,206.60,87.35,14.70,168.35,39.00,0.00,14.89,-13.58
201.152,171.05,206.60,87.35,14.70,168.35,39.00,0.00,14.89,-13.58
201.483,171.05,206.60,87.35,14.70,168.35,39.00,0.00,14.72,-13.58
201.812,171.05,206.60,87.35,14.70,168.35,39.00,0.00,14.72,9.16
202.142,169.70,206.60,87.35,14.70,168.35,39.00,0.00,14.72,9.16
202.472,169.70,206.60,87.35,14.70,168.35,39.00,0.00,14.72,9.16
202.802,169.70,206.60,87.35,14.70,168.35,39.00,0.00,14.72,9.16
203.129,169.70,206.60,87.35,13.94,168.35,39.00,0.00,14.72,9.16
203.462,169.70,206.60,87.35,13.94,168.35,39.00,0.00,14.72,9.16
203.791,169.70,206.60,87.35,13.94,168.35,39.00,0.00,14.72,9.16
204.122,169.70,206.60,87.35,13.94,168.35,39.00,0.00,14.72,9.16
204.482,169.70,206.60,87.35,13.94,168.35,39.00,0.00,14.13,9.16
204.811,169.70,206.60,87.35,13.94,168.35,39.00,0.00,14.13,-13.26
205.142,169.70,206.60,87.35,13.94,168.35,39.00,0.00,14.13,-13.26
205.472,169.70,206.60,87.35,13.94,168.35,39.00,0.00,14.13,-13.26
205.801,169.70,206.60,88.70,13.94,168.35,39.00,0.00,14.13,-13.26
206.132,169.70,206.60,88.70,13.66,168.35,39.00,0.00,14.13,-13.26
206.462,169.70,206.60,88.70,13.66,168.35,39.00,0.00,14.13,-13.26
206.791,169.70,206.60,88.70,13.66,168.35,39.00,0.00,14.13,-13.26
207.122,169.70,206.60,88.70,13.66,168.35,39.00,0.00,14.13,-13.26
207.452,169.70,206.60,88.70,13.66,168.35,39.00,0.00,14.02,-13.26
207.782,169.70,206.60,88.70,13.66,168.35,39.00,0.00,14.02,-13.28
208.111,169.70,206.60,88.70,13.66,168.35,39.00,0.00,14.02,-13.28
208.440,169.70,206.60,88.70,13.66,168.35,39.00,0.00,14.02,-13.28
208.771,169.70,206.60,86.00,13.66,168.35,39.00,0.00,14.02,-13.28
209.102,169.70,206.60,86.00,13.85,168.35,39.00,0.00,14.02,-13.28
209.432,169.70,206.60,86.00,13.85,168.35,39.00,0.00,14.02,-13.28
209.762,169.70,206.60,86.00,13.85,168.35,39.00,0.00,14.02,-13.28
210.090,169.70,206.60,86.00,13.85,168.35,39.00,0.00,14.02,-13.28
210.422,169.70,206.60,86.00,13.85,168.35,39.00,0.00,14.04,-13.28
210.752,169.70,206.60,86.00,13.85,168.35,39.00,0.00,14.04,-12.90
211.082,169.70,206.60,86.00,13.85,168.35,39.00,0.00,14.04,-12.90
211.412,169.70,206.60,86.00,13.85,168.35,39.00,0.00,14.04,-12.90
211.741,169.70,206.60,86.00,13.85,168.35,39.00,0.00,14.04,-12.90
212.072,169.70,206.60,86.00,14.51,168.35,39.00,0.00,14.04,-12.90
212.402,169.70,206.60,86.00,14.51,168.35,39.00,0.00,14.04,-12.90
212.732,169.70,206.60,86.00,14.51,168.35,39.00,0.00,14.04,-12.90
213.062,169.70,206.60,86.00,14.51,168.35,39.00,0.00,14.04,-12.90
213.391,169.70,206.60,86.00,14.51,168.35,39.00,0.00,14.84,-12.90
213.721,169.70,206.60,86.00,14.51,168.35,39.00,0.00,14.84,-11.44
214.052,171.05,206.60,86.00,14.51,168.35,39.00,0.00,14.84,-11.44
214.382,171.05,206.60,86.00,14.51,168.35,39.00,0.00,14.84,-11.44
214.709,171.05,206.60,87.35,14.51,168.35,39.00,0.00,14.84,-11.44
215.042,171.05,206.60,87.35,14.04,168.35,39.00,0.00,14.84,-11.44
215.372,171.05,206.60,87.35,14.04,168.35,39.00,0.00,14.84,-11.44
215.702,171.05,206.60,87.35,14.04,168.35,39.00,0.00,14.84,-11.44
216.029,171.05,206.60,87.35,14.04,168.35,39.00,0.00,14.84,-11.44
216.361,171.05,206.60,87.35,14.04,168.35,39.00,0.00,14.50,-11.44
216.692,171.05,206.60,87.35,14.04,168.35,39.00,0.00,14.50,-15.60
217.021,171.05,206.60,87.35,14.04,168.35,39.00,0.00,14.50,-15.60
217.352,171.05,206.60,87.35,14.04,168.35,39.00,0.00,14.50,-15.60
217.679,171.05,206.60,83.30,14.04,168.35,39.00,0.00,14.50,-15.60
218.012,171.05,206.60,83.30,14.79,168.35,39.00,0.00,14.50,-15.60
218.342,171.05,206.60,83.30,14.79,168.35,39.00,0.00,14.50,-15.60
218.672,171.05,206.60,83.30,14.79,168.35,39.00,0.00,14.50,-15.60
219.001,171.05,206.60,83.30,14.79,168.35,39.00,0.00,14.50,-15.60
219.332,171.05,206.60,83.30,14.79,168.35,39.00,0.00,14.87,-15.60
219.662,171.05,206.60,83.30,14.79,168.35,39.00,0.00,14.87,-13.76
219.992,171.05,206.60,83.30,14.79,168.35,39.00,0.00,14.87,-13.76
220.321,171.05,206.60,83.30,14.79,168.35,39.00,0.00,14.87,-13.76
220.652,171.05,206.60,86.00,14.79,168.35,39.00,0.00,14.87,-13.76
220.981,171.05,206.60,86.00,14.79,168.35,39.00,0.00,14.87,-13.76
221.311,171.05,206.60,86.00,14.79,169.70,39.00,0.00,14.87,-13.76
221.642,171.05,206.60,86.00,14.79,169.70,39.00,0.00,14.87,-13.76
221.970,171.05,206.60,86.00,14.79,169.70,39.00,0.00,14.87,-13.76
222.302,171.05,206.60,86.00,14.79,169.70,39.00,0.00,14.93,-13.76
222.632,171.05,206.60,86.00,14.79,169.70,39.00,0.00,14.93,-13.58
222.962,171.05,206.60,86.00,14.79,169.70,39.00,0.00,14.93,-13.58
223.291,171.05,206.60,86.00,14.79,169.70,39.00,0.00,14.93,-13.58
223.622,171.05,206.60,88.70,14.79,169.70,39.00,0.00,14.93,-13.58
223.953,171.05,206.60,88.70,14.13,169.70,39.00,0.00,14.93,-13.58
224.281,171.05,206.60,88.70,14.13,169.70,39.00,0.00,14.93,-13.58
224.611,171.05,206.60,88.70,14.13,169.70,39.00,0.00,14.93,-13.58
224.942,171.05,206.60,88.70,14.13,169.70,39.00,0.00,14.93,-13.58
225.272,171.05,206.60,88.70,14.13,169.70,39.00,0.00,14.04,-13.58
225.602,171.05,206.60,88.70,14.13,169.70,39.00,0.00,14.04,-12.72
225.932,169.70,206.60,88.70,14.13,169.70,39.00,0.00,14.04,-12.72
226.262,169.70,206.60,88.70,14.13,169.70,39.00,0.00,14.04,-12.72
226.592,169.70,206.60,90.05,14.13,169.70,39.00,0.00,14.04,-12.72
226.922,169.70,206.60,90.05,13.94,169.70,39.00,0.00,14.04,-12.72
227.252,169.70,206.60,90.05,13.94,169.70,39.00,0.00,14.04,-12.72
227.582,169.70,206.60,90.05,13.94,169.70,39.00,0.00,14.04,-12.72
227.913,169.70,206.60,90.05,13.94,169.70,39.00,0.00,14.04,-12.72
228.242,169.70,206.60,90.05,13.94,169.70,39.00,0.00,14.12,-12.72
228.572,169.70,206.60,90.05,13.94,169.70,39.00,0.00,14.12,-13.12
228.903,168.35,206.60,90.05,13.94,169.70,39.00,0.00,14.12,-13.12
229.232,168.35,206.60,90.05,13.94,169.70,39.00,0.00,14.12,-13.12
229.562,168.35,206.60,90.05,13.94,169.70,39.00,0.00,14.12,-13.12
229.892,168.35,206.60,90.05,13.56,169.70,39.00,0.00,14.12,-13.12
230.221,168.35,206.60,90.05,13.56,169.70,39.00,0.00,14.12,-13.12
230.551,168.35,206.60,90.05,13.56,169.70,39.00,0.00,14.12,-13.12
230.882,168.35,206.60,90.05,13.56,169.70,39.00,0.00,14.12,-13.12
231.208,168.35,206.60,90.05,13.56,169.70,39.00,0.00,14.10,-13.12
231.539,168.35,206.60,90.05,13.56,169.70,39.00,0.00,14.10,-12.66
231.868,168.35,206.60,90.05,13.56,169.70,39.00,0.00,14.10,-12.66
232.229,168.35,206.60,90.05,13.56,169.70,39.00,0.00,14.10,-12.66
232.559,168.35,206.60,91.40,13.56,169.70,39.00,0.00,14.10,-12.66
232.890,168.35,206.60,91.40,13.94,169.70,39.00,0.00,14.10,-12.66
233.219,168.35,206.60,91.40,13.94,169.70,39.00,0.00,14.10,-12.66
233.552,168.35,206.60,91.40,13.94,169.70,39.00,0.00,14.10,-12.66
233.879,168.35,206.60,91.40,13.94,169.70,39.00,0.00,14.10,-12.66
234.212,168.35,206.60,91.40,13.94,169.70,39.00,0.00,14.15,-12.66
234.542,168.35,206.60,91.40,13.94,169.70,39.00,0.00,14.15,-13.26
234.869,168.35,206.60,91.40,13.94,169.70,39.00,0.00,14.15,-13.26
235.203,168.35,206.60,91.40,13.94,169.70,39.00,0.00,14.15,-13.26
235.532,168.35,206.60,91.40,13.94,169.70,39.00,0.00,14.15,-13.26
235.890,168.35,206.60,91.40,13.94,169.70,39.00,0.00,14.15,-13.26
236.222,168.35,206.60,91.40,13.94,169.70,39.00,0.00,14.15,-13.26
236.551,168.35,206.60,91.40,13.94,169.70,39.00,0.00,14.15,-13.26
236.881,168.35,206.60,91.40,13.94,169.70,39.00,0.00,14.15,-13.26
237.212,168.35,206.60,91.40,13.94,169.70,39.00,0.00,14.18,-13.26
237.542,168.35,206.60,91.40,13.94,169.70,39.00,0.00,14.18,-13.18
237.870,168.35,206.60,91.40,13.94,169.70,39.00,0.00,14.18,-13.18
238.202,168.35,206.60,91.40,13.94,169.70,39.00,0.00,14.18,-13.18
238.532,168.35,206.60,92.75,13.94,169.70,39.00,0.00,14.18,-13.18
238.858,168.35,206.60,92.75,14.04,169.70,39.00,0.00,14.18,-13.18
239.189,168.35,206.60,92.75,14.04,169.70,39.00,0.00,14.18,-13.18
239.522,168.35,206.60,92.75,14.04,169.70,39.00,0.00,14.18,-13.18
239.853,168.35,206.60,92.75,14.04,169.70,39.00,0.00,14.18,-13.18
240.183,168.35,206.60,92.75,14.04,169.70,39.00,0.00,14.21,-13.18
